{
  "home": {
    "welcomeNight": "Good Night {username}!",
    "welcomeMorning": "Good Morning {username}!",
    "welcomeDay": "Hi {username}!",
    "welcomeEvening": "Good Evening {username}!",
    "lastViewed": "Last viewed",
    "addToHomeScreen": "Add this app to your home screen for faster access and improved experience.",
    "goToOverview": "Go to overview",
    "project": {
      "importText": "Import your projects and tasks from other services into Vikunja:",
      "import": "Import your data into Vikunja"
    }
  },
  "demo": {
    "title": "This instance is in demo mode. Do not use this for real data!",
    "everythingWillBeDeleted": "Everything will be deleted in regular intervals!",
    "accountWillBeDeleted": "Your account will be deleted, including all projects, tasks and attachments you might create."
  },
  "404": {
    "title": "Not found",
    "text": "The page you requested does not exist."
  },
  "ready": {
    "loading": "Vikunja is loading…",
    "errorOccured": "An error occurred:",
    "checkApiUrl": "Please check if the api url is correct.",
    "noApiUrlConfigured": "No API url was configured. Please set one below:"
  },
  "offline": {
    "title": "You are offline.",
    "text": "Please check your network connection and try again."
  },
  "user": {
    "auth": {
      "username": "Username",
      "usernameEmail": "Username Or Email Address",
      "usernamePlaceholder": "e.g. frederick",
      "email": "Email address",
      "emailPlaceholder": "e.g. frederic{'@'}vikunja.io",
      "password": "Password",
      "passwordPlaceholder": "e.g. •••••••••••",
      "forgotPassword": "Forgot your password?",
      "resetPassword": "Reset your password",
      "resetPasswordAction": "Send me a password reset link",
      "resetPasswordSuccess": "Check your inbox! You should have an email with instructions on how to reset your password.",
      "passwordsDontMatch": "Passwords don't match",
      "confirmEmailSuccess": "You successfully confirmed your email! You can log in now.",
      "totpTitle": "Two Factor Authentication Code",
      "totpPlaceholder": "e.g. 123456",
      "login": "Login",
      "createAccount": "Create account",
      "loginWith": "Log in with {provider}",
      "authenticating": "Authenticating…",
      "openIdStateError": "State does not match, refusing to continue!",
      "openIdGeneralError": "An error occurred while authenticating against the third party.",
      "logout": "Logout",
      "emailInvalid": "Please enter a valid email address.",
      "usernameRequired": "Please provide a username.",
      "usernameMustNotContainSpace": "The username must not contain spaces.",
      "usernameMustNotLookLikeUrl": "The username must not look like a URL.",
      "passwordRequired": "Please provide a password.",
      "passwordNotMin": "Password must have at least 8 characters.",
      "passwordNotMax": "Password must have at most 72 characters.",
      "showPassword": "Show the password",
      "hidePassword": "Hide the password",
      "noAccountYet": "Don't have an account yet?",
      "alreadyHaveAnAccount": "Already have an account?",
      "remember": "Stay logged in",
      "registrationDisabled": "Registration is disabled.",
      "passwordResetTokenMissing": "Password reset token is missing."
    },
    "settings": {
      "title": "Settings",
      "newPasswordTitle": "Update Your Password",
      "newPassword": "New password",
      "newPasswordConfirm": "New password confirmation",
      "currentPassword": "Current password",
      "currentPasswordPlaceholder": "Your current password",
      "passwordsDontMatch": "The new password and its confirmation don't match.",
      "passwordUpdateSuccess": "The password was successfully updated.",
      "updateEmailTitle": "Update Your Email Address",
      "updateEmailNew": "New email address",
      "updateEmailSuccess": "Your email address was successfully updated. We've sent you a link to confirm it.",
      "general": {
        "title": "General Settings",
        "name": "My Name",
        "newName": "The new name",
        "savedSuccess": "The settings were successfully updated.",
        "emailReminders": "Send me reminders for tasks via email",
        "overdueReminders": "Send me a summary of my undone overdue tasks every day",
        "discoverableByName": "Allow other users to add me as a member to teams or projects when they search for my name",
        "discoverableByEmail": "Allow other users to add me as a member to teams or projects when they search for my full email",
        "playSoundWhenDone": "Play a sound when marking tasks as done",
        "allowIconChanges": "Show special logos during certain times",
        "alwaysShowBucketTaskCount": "Always show task count on Kanban buckets",
        "defaultTaskRelationType": "Default task relation type",
        "weekStart": "Week starts on",
        "weekStartSunday": "Sunday",
        "weekStartMonday": "Monday",
        "language": "Language",
        "defaultProject": "Default project",
        "defaultView": "Default view",
        "timezone": "Time zone",
        "overdueTasksRemindersTime": "Overdue tasks reminder email time",
        "filterUsedOnOverview": "Saved filter used on the overview page",
        "minimumPriority": "Minimum visible task priority",
        "dateDisplay": "Date display format",
        "dateDisplayOptions": {
          "relative": "Relative (e.g. 3 days ago)",
          "mm-dd-yyyy": "MM-DD-YYYY",
          "dd-mm-yyyy": "DD-MM-YYYY",
          "yyyy-mm-dd": "YYYY-MM-DD",
          "mm\/dd\/yyyy": "MM\/DD\/YYYY",
          "dd\/mm\/yyyy": "DD\/MM\/YYYY",
          "yyyy\/mm\/dd": "YYYY\/MM\/DD"
        },
        "timeFormat": "Time format",
        "timeFormatOptions": {
          "12h": "12-hour (AM/PM)",
          "24h": "24-hour (HH:mm)"
        },
        "externalUserNameChange": "Your name is managed by your login provider ({provider}). To change it, please update it there instead."
      },
      "sections": {
        "personalInformation": "Personal Information",
        "taskAndNotifications": "Projects & Tasks",
        "privacy": "Privacy",
        "localization": "Localization",
        "appearance": "Appearance & Behavior"
      },
      "totp": {
        "title": "Two Factor Authentication",
        "enroll": "Enroll",
        "finishSetupPart1": "To finish your setup, use this secret in your TOTP app (Google Authenticator or similar):",
        "finishSetupPart2": "After that, enter a code from your app below.",
        "scanQR": "Alternatively you can scan this QR code:",
        "passcode": "Passcode",
        "passcodePlaceholder": "A code generated by your TOTP application",
        "setupSuccess": "You've successfully set up two factor authentication!",
        "enterPassword": "Please Enter Your Password",
        "disable": "Disable two factor authentication",
        "confirmSuccess": "You've successfully confirmed your TOTP setup and can use it from now on!",
        "disableSuccess": "Two factor authentication was successfully disabled."
      },
      "caldav": {
        "title": "CalDAV",
        "howTo": "You can connect Vikunja to CalDAV clients to view and manage all tasks from different clients. Enter this url into your client:",
        "more": "More information about CalDAV in Vikunja",
        "tokens": "CalDAV Tokens",
        "tokensHowTo": "You can use a CalDAV token to use instead of a password to log in the above endpoint.",
        "createToken": "Create a token",
        "tokenCreated": "Here is your token: {token}",
        "wontSeeItAgain": "Write it down, you won't be able to see it again.",
        "mustUseToken": "You need to create a CalDAV token if you want to use CalDAV with a third party client. Use the token as the password.",
        "usernameIs": "Your username is: {0}"
      },
      "avatar": {
        "title": "Avatar",
        "initials": "Initials",
        "gravatar": "Gravatar",
        "marble": "Marble",
        "upload": "Upload",
        "uploadAvatar": "Upload Avatar",
        "statusUpdateSuccess": "Avatar status was updated successfully!",
        "setSuccess": "The avatar has been set successfully!",
        "ldap": "Your avatar is automagically synced from your organization's directory service (LDAP). You can ask your IT team for information on how to change it.",
        "openid": "Your avatar is automagically synced from your login provider ({provider}). To change it, please update it there instead."
      },
      "quickAddMagic": {
        "title": "Quick Add Magic Mode",
        "disabled": "Disabled",
        "todoist": "Todoist",
        "vikunja": "Vikunja"
      },
      "appearance": {
        "title": "Color Scheme",
        "setSuccess": "Saved change of color scheme to {colorScheme}",
        "colorScheme": {
          "light": "Light",
          "system": "System",
          "dark": "Dark"
        }
      },
      "backgroundBrightness": {
        "title": "Background brightness"
      },
      "apiTokens": {
        "title": "API Tokens",
        "general": "API tokens allow you to use Vikunja's API without user credentials.",
        "apiDocs": "Check out the api docs",
        "createAToken": "Create a token",
        "createToken": "Create token",
        "30d": "30 Days",
        "60d": "60 Days",
        "90d": "90 Days",
        "permissionExplanation": "Permissions allow you to scope what an api token is allowed to do.",
        "titleRequired": "The title is required",
        "permissionRequired": "Please select at least one permission from the list.",
        "expired": "This token has expired {ago}.",
        "tokenCreatedSuccess": "Here is your new api token: {token}",
        "tokenCreatedNotSeeAgain": "Store it in a secure location, you won't see it again!",
        "selectAll": "Select all",
        "delete": {
          "header": "Delete this token",
          "text1": "Are you sure you want to delete the token \"{token}\"?",
          "text2": "This will revoke access to all applications or integrations using it. You cannot undo this."
        },
        "attributes": {
          "title": "Title",
          "titlePlaceholder": "Enter a title you will recognize later",
          "expiresAt": "Expires at",
          "permissions": "Permissions"
        }
      }
    },
    "deletion": {
      "title": "Delete your Vikunja Account",
      "text1": "The deletion of your account is permanent and cannot be undone. We will delete all your projects, tasks and everything associated with it.",
      "text2": "To proceed, please enter your password. You will receive an email with further instructions.",
      "text3": "To proceed, please press the button below. You will receive an email with further instructions.",
      "confirm": "Delete my account",
      "requestSuccess": "The request was successful. You'll receive an email with further instructions.",
      "passwordRequired": "Please enter your password.",
      "confirmSuccess": "You've successfully confirmed the deletion of your account. We will delete your account in three days.",
      "scheduled": "We will delete your Vikunja account at {date} ({dateSince}).",
      "scheduledCancel": "To cancel the deletion of your account, click here.",
      "scheduledCancelText": "To cancel the deletion of your account, please enter your password below:",
      "scheduledCancelButton": "To cancel the deletion of your account, please press the button below:",
      "scheduledCancelConfirm": "Cancel the deletion of my account",
      "scheduledCancelSuccess": "We will not delete your account."
    },
    "export": {
      "title": "Export your Vikunja data",
      "description": "You can request a copy of all your Vikunja data. This includes Projects, Tasks and everything associated to them. You can import this data in any Vikunja instance through the migration function.",
      "descriptionPasswordRequired": "Please enter your password to proceed:",
      "request": "Request a copy of my Vikunja Data",
      "success": "You've successfully requested your Vikunja Data! We will send you an email once it's ready to download.",
      "downloadTitle": "Download your exported Vikunja data",
      "ready": "Your export is ready to download. You can download it until {0}.",
      "requestNew": "Request another export"
    }
  },
  "project": {
    "archivedMessage": "This project is archived. It is not possible to create new or edit tasks for it.",
    "archived": "Archived",
    "showArchived": "Show Archived",
    "title": "Title",
    "color": "Color",
    "projects": "Projects",
    "parent": "Parent Project",
    "search": "Type to search for a project…",
    "searchSelect": "Click or press enter to select this project",
    "shared": "Shared Projects",
    "noDescriptionAvailable": "No project description is available.",
    "inboxTitle": "Inbox",
    "favorite": "Mark this project as favorite",
    "unfavorite": "Remove this project from favorites",
    "openSettingsMenu": "Open project settings menu",
    "description": "Project description",
    "favoriteDescription": "This project has all tasks marked as favorites.",
    "create": {
      "header": "New project",
      "titlePlaceholder": "The project's title goes here…",
      "addTitleRequired": "Please specify a title.",
      "createdSuccess": "The project was successfully created.",
      "addProjectRequired": "Please specify a project or set a default project in the settings."
    },
    "archive": {
      "title": "Archive \"{project}\"",
      "archive": "Archive this project",
      "unarchive": "Un-Archive this project",
      "unarchiveText": "You will be able to create tasks or edit it.",
      "archiveText": "You won't be able to edit this project or create tasks until you un-archive it.",
      "success": "The project was successfully archived."
    },
    "background": {
      "title": "Set project background",
      "remove": "Remove Background",
      "upload": "Choose a background from your pc",
      "searchPlaceholder": "Search for a background…",
      "poweredByUnsplash": "Powered by Unsplash",
      "loadMore": "Load more photos",
      "success": "The background has been set successfully!",
      "removeSuccess": "The background has been removed successfully!"
    },
    "delete": {
      "title": "Delete \"{project}\"",
      "header": "Delete this project",
      "text1": "Are you sure you want to delete this project and all of its contents?",
      "text2": "This includes all tasks and CANNOT BE UNDONE!",
      "success": "The project was successfully deleted.",
      "tasksToDelete": "This will irrevocably remove approx. {count} tasks.",
      "tasksAndChildProjectsToDelete": "This will irrevocably remove approx. {tasks} tasks and {projects} projects.",
      "noTasksToDelete": "This project does not contain any tasks, it should be safe to delete."
    },
    "duplicate": {
      "title": "Duplicate this project",
      "label": "Duplicate",
      "text": "Select a parent project which should hold the duplicated project:",
      "success": "The project was successfully duplicated."
    },
    "edit": {
      "header": "Edit This Project",
      "title": "Edit \"{project}\"",
      "titlePlaceholder": "The project title goes here…",
      "identifierTooltip": "The project identifier can be used to uniquely identify a task across projects. You can set it to empty to disable it.",
      "identifier": "Project Identifier",
      "identifierPlaceholder": "The project identifier goes here…",
      "description": "Description",
      "descriptionPlaceholder": "Enter a description for this project, hit '/' for more options…",
      "color": "Color",
      "success": "The project was successfully updated."
    },
    "share": {
      "header": "Share this project",
      "title": "Share \"{project}\"",
      "share": "Share",
      "links": {
        "title": "Share Links",
        "what": "What is a share link?",
        "explanation": "Share Links allow you to easily share a project with other users who don't have an account on Vikunja.",
        "create": "Create a link share",
        "name": "Name (optional)",
        "namePlaceholder": "e.g. Lorem Ipsum",
        "nameExplanation": "All actions done by this link share will show up with the name.",
        "password": "Password (optional)",
        "passwordExplanation": "When signing in, the user will be required to enter this password.",
        "noName": "No name set",
        "remove": "Remove a link share",
        "removeText": "Are you sure you want to remove this link share? It will no longer be possible to access this project with this link share. This cannot be undone!",
        "createSuccess": "The link share was successfully created.",
        "deleteSuccess": "The link share was successfully deleted",
        "view": "View",
        "sharedBy": "Shared by {0}"
      },
      "userTeam": {
        "typeUser": "user | users",
        "typeTeam": "team | teams",
        "shared": "Shared with these {type}",
        "you": "You",
        "notShared": "Not shared with any {type} yet.",
        "removeHeader": "Remove a {type} from the {sharable}",
        "removeText": "Are you sure you want to remove this {sharable} from the {type}? This cannot be undone!",
        "removeSuccess": "The {sharable} was successfully removed from the {type}.",
        "addedSuccess": "The {type} was successfully added.",
        "updatedSuccess": "The {type} was successfully added."
      },
      "permission": {
        "title": "Permission",
        "read": "Read only",
        "readWrite": "Read & write",
        "admin": "Admin"
      },
      "attributes": {
        "link": "Link",
        "delete": "Delete"
      }
    },
    "first": {
      "title": "First View"
    },
    "list": {
      "title": "List",
      "add": "Add",
      "addPlaceholder": "Add a task…",
      "empty": "This project is currently empty.",
      "newTaskCta": "Create a task.",
      "editTask": "Edit Task"
    },
    "gantt": {
      "title": "Gantt",
      "size": "Size",
      "default": "Default",
      "month": "Month",
      "day": "Day",
      "hour": "Hour",
      "range": "Date Range",
      "chartLabel": "Project Gantt Chart",
      "taskBarsForRow": "Task bars for row {rowId}",
      "taskBarLabel": "Task: {task}. From {startDate} to {endDate}. {dateType}. Click to edit, drag to move.",
      "scheduledDates": "Scheduled dates",
      "estimatedDates": "Estimated dates",
      "resizeStartDate": "Resize start date for task {task}",
      "resizeEndDate": "Resize end date for task {task}",
      "timelineHeader": "Timeline header with months and days",
      "monthsRow": "Months row",
      "daysRow": "Days row",
      "monthLabel": "Month: {month}",
      "dayLabel": "Day: {date}, {weekday}",
      "dayLabelToday": "Today: {date}, {weekday}",
      "taskAriaLabel": "Task: {task}",
      "taskAriaLabelById": "Task {id}",
      "partialDatesStart": "Start date only (open-ended)",
      "partialDatesEnd": "End date only (open-ended)"
    },
    "table": {
      "title": "Table",
      "columns": "Columns"
    },
    "kanban": {
      "title": "Kanban",
      "limit": "Limit: {limit}",
      "noLimit": "Not Set",
      "doneBucket": "Done bucket",
      "doneBucketHint": "All tasks moved into this bucket will automatically marked as done.",
      "doneBucketHintExtended": "All tasks moved into the done bucket will be marked as done automatically. All tasks marked as done from elsewhere will be moved as well.",
      "doneBucketSavedSuccess": "The done bucket has been saved successfully.",
      "defaultBucket": "Default bucket",
      "defaultBucketHint": "When creating tasks without specifying a bucket, they will be added to this bucket.",
      "defaultBucketSavedSuccess": "The default bucket has been saved successfully.",
      "deleteLast": "You cannot remove the last bucket.",
      "addTaskPlaceholder": "Enter the new task title…",
      "addTask": "Add a task",
      "addAnotherTask": "Add another task",
      "addBucket": "Create a bucket",
      "addBucketPlaceholder": "Enter the new bucket title…",
      "deleteHeaderBucket": "Delete the bucket",
      "deleteBucketText1": "Are you sure you want to delete this bucket?",
      "deleteBucketText2": "This will not delete any tasks but move them into the default bucket.",
      "deleteBucketSuccess": "The bucket has been deleted successfully.",
      "bucketTitleSavedSuccess": "The bucket title has been saved successfully.",
      "bucketLimitSavedSuccess": "The bucket limit been saved successfully.",
      "collapse": "Collapse this bucket",
      "bucketLimitReached": "You have reached the bucket limit. Remove tasks or increase the limit to add new tasks."
    },
    "pseudo": {
      "favorites": {
        "title": "Favorites"
      }
    },
    "webhooks": {
      "title": "Webhooks",
      "targetUrl": "Target URL",
      "targetUrlInvalid": "Please provide a valid URL.",
      "events": "Events",
      "eventsHint": "Select all events this webhook should receive updates for (within the current project).",
      "mustSelectEvents": "You must select at least one event.",
      "delete": "Delete this webhook",
      "deleteText": "Are you sure you want to delete this webhook? External targets will not be notified of its events anymore.",
      "deleteSuccess": "The webhook was successfully deleted.",
      "create": "Create webhook",
      "secret": "Secret",
      "basicauthuser": "Basic Auth User",
      "basicauthpassword": "Basic Auth Password",
      "basicauthlink": "Use Basic Auth?",
      "secretHint": "If provided, all requests to the webhook target URL will be signed using HMAC.",
      "secretDocs": "Check out the docs for more details about how to use secrets."
    },
    "views": {
      "header": "Edit views",
      "title": "Title",
      "actions": "Actions",
      "kind": "Kind",
      "bucketConfigMode": "Bucket configuration mode",
      "bucketConfig": "Bucket configuration",
      "bucketConfigManual": "Manual",
      "filter": "Filter",
      "create": "Create view",
      "createSuccess": "The view was created successfully.",
      "titleRequired": "Please provide a title.",
      "delete": "Delete this view",
      "deleteText": "Are you sure you want to remove this view? It will no longer be possible to use it to view tasks in this project. This action won't delete any tasks. This cannot be undone!",
      "deleteSuccess": "The view was deleted successfully.",
      "onlyAdminsCanEdit": "Only project admins can edit views.",
      "updateSuccess": "The view was updated successfully."
    }
  },
  "filters": {
    "title": "Filters",
    "clear": "Clear Filters",
    "showResults": "Show results",
    "noResults": "No results",
    "fromView": "The current view has a filter set as well:",
    "fromViewBoth": "It will be used in combination with what you enter here.",
    "attributes": {
      "title": "Title",
      "titlePlaceholder": "The saved filter title goes here…",
      "description": "Description",
      "descriptionPlaceholder": "Add a description for this filter here, hit '/' for more options…",
      "includeNulls": "Include Tasks which don't have a value set",
      "requireAll": "Require all filters to be true for a task to show up",
      "showDoneTasks": "Show Done Tasks",
      "sortAlphabetically": "Sort Alphabetically",
      "enablePriority": "Enable Filter By Priority",
      "enablePercentDone": "Enable Filter By Progress",
      "dueDateRange": "Due Date Range",
      "startDateRange": "Start Date Range",
      "endDateRange": "End Date Range",
      "reminderRange": "Reminder Date Range"
    },
    "create": {
      "title": "New Saved Filter",
      "description": "A saved filter is a virtual project which is computed from a set of filters each time it is accessed.",
      "action": "Create saved filter",
      "titleRequired": "Please provide a title for the filter."
    },
    "delete": {
      "header": "Delete this saved filter",
      "text": "Are you sure you want to delete this saved filter?",
      "success": "The filter was deleted successfully."
    },
    "edit": {
      "title": "Edit This Saved Filter",
      "success": "The filter was saved successfully."
    },
    "query": {
      "title": "Query",
      "placeholder": "Type a search or filter query…",
      "help": {
        "intro": "To filter tasks, you can use a query syntax similar to SQL. The available fields for filtering include:",
        "link": "How does this work?",
        "canUseDatemath": "You can use date math to set relative dates. Click on the date value in a query to find out more.",
        "fields": {
          "done": "Whether the task is completed or not",
          "priority": "The priority level of the task (1-5)",
          "percentDone": "The percentage of completion for the task (0-100)",
          "dueDate": "The due date of the task",
          "startDate": "The start date of the task",
          "endDate": "The end date of the task",
          "doneAt": "The date and time when the task was completed",
          "assignees": "The assignees of the task",
          "labels": "The labels associated with the task",
          "project": "The project the task belongs to (only available for saved filters, not on a project level)",
          "reminders": "The reminders of the task as a date field, will return all tasks with at least one reminder matching the query",
          "created": "The time and date when the task was created",
          "updated": "The time and date when the task was last changed"
        },
        "operators": {
          "intro": "The available operators for filtering include:",
          "notEqual": "Not equal to",
          "equal": "Equal to",
          "greaterThan": "Greater than",
          "greaterThanOrEqual": "Greater than or equal to",
          "lessThan": "Less than",
          "lessThanOrEqual": "Less than or equal to",
          "like": "Matches a pattern (using wildcard %)",
          "in": "Matches any value in a comma-separated list of values",
          "notIn": "Matches any value not present in a comma-separated list of values"
        },
        "logicalOperators": {
          "intro": "To combine multiple conditions, you can use the following logical operators:",
          "and": "AND operator, matches if all conditions are true",
          "or": "OR operator, matches if any of the conditions are true",
          "parentheses": "Parentheses for grouping conditions"
        },
        "examples": {
          "intro": "Here are some examples of filter queries:",
          "priorityEqual": "Matches tasks with priority level 4",
          "dueDatePast": "Matches tasks with a due date in the past",
          "undoneHighPriority": "Matches undone tasks with priority level 3 or higher",
          "assigneesIn": "Matches tasks assigned to either \"user1\" or \"user2\"",
          "priorityOneOrTwoPastDue": "Matches tasks with priority level 1 or 2 and a due date in the past"
        }
      }
    }
  },
  "migrate": {
    "title": "Import from other services",
    "titleService": "Import your data from {name} into Vikunja",
    "import": "Import your data into Vikunja",
    "description": "Click on the logo of one of the third-party services below to get started.",
    "descriptionDo": "Vikunja will import all lists, tasks, notes, reminders and files you have access to.",
    "authorize": "To authorize Vikunja to access your {name} Account, click the button below.",
    "getStarted": "Get Started",
    "inProgress": "Importing in progress…",
    "alreadyMigrated1": "It looks like you've already imported your stuff from {name} at {date}.",
    "alreadyMigrated2": "Importing again is possible, but might create duplicates. Are you sure?",
    "confirm": "I am sure, please start migrating now!",
    "importUpload": "To import data from {name} into Vikunja, click the button below to select a file.",
    "upload": "Upload file",
    "migrationStartedWillReciveEmail": "Vikunja will now import your lists/projects, tasks, notes, reminders and files from {service}. As this will take a while, we will send you an email once done. You can close this window now.",
    "migrationInProgress": "A migration is currently in progress. Please wait until it is done."
  },
  "label": {
    "title": "Labels",
    "manage": "Manage labels",
    "description": "Click on a label to edit it. You can edit all labels you created, you can use all labels which are associated with a task to whose project you have access.",
    "newCTA": "You currently do not have any labels.",
    "search": "Type to search for a label…",
    "create": {
      "header": "New label",
      "title": "Create a label",
      "titleRequired": "Please specify a title.",
      "success": "The label was successfully created."
    },
    "edit": {
      "header": "Edit Label",
      "forbidden": "You are not allowed to edit this label because you don't own it.",
      "success": "The label was successfully updated."
    },
    "deleteSuccess": "The label was successfully deleted.",
    "attributes": {
      "title": "Title",
      "titlePlaceholder": "The label title goes here…",
      "description": "Description",
      "descriptionPlaceholder": "Label description",
      "color": "Color"
    }
  },
  "sharing": {
    "authenticating": "Authenticating…",
    "passwordRequired": "This shared project requires a password. Please enter it below:",
    "error": "An error occurred.",
    "invalidPassword": "The password is invalid.",
    "accessDenied": "Access denied. Please check your permissions and try again.",
    "serverError": "Server error occurred. Please try again later.",
    "projectLoadError": "Failed to load project information.",
    "retry": "Retry"
  },
  "navigation": {
    "overview": "Overview",
    "upcoming": "Upcoming",
    "settings": "Settings",
    "imprint": "Imprint",
    "privacy": "Privacy Policy"
  },
  "misc": {
    "loading": "Loading…",
    "save": "Save",
    "delete": "Delete",
    "confirm": "Confirm",
    "cancel": "Cancel",
    "refresh": "Refresh",
    "disable": "Disable",
    "copy": "Copy to clipboard",
    "copyError": "Copy to clipboard failed",
    "search": "Search",
    "searchPlaceholder": "Type to search…",
    "previous": "Previous",
    "next": "Next",
    "poweredBy": "Powered by Vikunja",
    "info": "Info",
    "create": "Create",
    "doit": "Do it!",
    "saving": "Saving…",
    "saved": "Saved!",
    "default": "Default",
    "close": "Close",
    "download": "Download",
    "showMenu": "Show the menu",
    "hideMenu": "Hide the menu",
    "forExample": "For example:",
    "welcomeBack": "Welcome Back!",
    "custom": "Custom",
    "id": "ID",
    "created": "Created at",
    "createdBy": "Created by {0}",
    "actions": "Actions",
    "cannotBeUndone": "This cannot be undone!",
    "avatarOfUser": "{user}'s profile image"
  },
  "input": {
    "resetColor": "Reset Color",
    "datepicker": {
      "today": "Today",
      "tomorrow": "Tomorrow",
      "nextMonday": "Next Monday",
      "thisWeekend": "This Weekend",
      "laterThisWeek": "Later This Week",
      "nextWeek": "Next Week",
      "chooseDate": "Choose a date"
    },
    "editor": {
      "edit": "Edit",
      "done": "Done",
      "heading1": "Heading 1",
      "heading1Tooltip": "Big section heading.",
      "heading2": "Heading 2",
      "heading2Tooltip": "Medium section heading.",
      "heading3": "Heading 3",
      "heading3Tooltip": "Smaller section header.",
      "headingSmaller": "Heading Smaller",
      "headingBigger": "Heading Bigger",
      "bold": "Bold",
      "italic": "Italic",
      "strikethrough": "Strikethrough",
      "underline": "Underline",
      "code": "Code",
      "codeTooltip": "Capture a code snippet.",
      "quote": "Quote",
      "quoteTooltip": "Capture a quote.",
      "bulletList": "Bullet list",
      "bulletListTooltip": "Create a simple bullet list.",
      "unorderedList": "Unordered list",
      "orderedList": "Ordered list",
      "orderedListTooltip": "Create a list with numbering.",
      "cleanBlock": "Clean Block",
      "link": "Link",
      "image": "Image",
      "imageTooltip": "Upload an image from your computer.",
      "horizontalRule": "Horizontal Rule",
      "horizontalRuleTooltip": "Divide a section.",
      "sideBySide": "Side By Side",
      "guide": "Guide",
      "text": "Text",
      "textTooltip": "Just start typing with plain text.",
      "taskList": "Task list",
      "taskListTooltip": "Track tasks with a to-do list.",
      "undo": "Undo",
      "redo": "Redo",
      "placeholder": "Type some text or hit '/' to see more options…",
      "table": {
        "title": "Table",
        "insert": "Insert table",
        "addColumnBefore": "Add column before",
        "addColumnAfter": "Add column after",
        "deleteColumn": "Delete column",
        "addRowBefore": "Add row before",
        "addRowAfter": "Add row after",
        "deleteRow": "Delete row",
        "deleteTable": "Delete table",
        "mergeCells": "Merge cells",
        "splitCell": "Split cell",
        "toggleHeaderColumn": "Toggle header column",
        "toggleHeaderRow": "Toggle header row",
        "toggleHeaderCell": "Toggle header cell",
        "mergeOrSplit": "Merge or split",
        "fixTables": "Fix tables"
      }
    },
    "multiselect": {
      "createPlaceholder": "Create",
      "selectPlaceholder": "Click or press enter to select"
    },
    "datepickerRange": {
      "to": "To",
      "from": "From",
      "fromto": "{from} to {to}",
      "date": "Date",
      "ranges": {
        "today": "Today",
        "thisWeek": "This Week",
        "restOfThisWeek": "The Rest of This Week",
        "nextWeek": "Next Week",
        "next7Days": "Next 7 Days",
        "lastWeek": "Last Week",
        "thisMonth": "This Month",
        "restOfThisMonth": "The Rest of This Month",
        "nextMonth": "Next Month",
        "next30Days": "Next 30 Days",
        "lastMonth": "Last Month",
        "thisYear": "This Year",
        "restOfThisYear": "The Rest of This Year"
      },
      "values": {
        "now": "Now",
        "startOfToday": "Start of today",
        "endOfToday": "End of today",
        "beginningOflastWeek": "Beginning of last week",
        "endOfLastWeek": "End of last week",
        "beginningOfThisWeek": "Beginning of this week",
        "endOfThisWeek": "End of this week",
        "startOfNextWeek": "Start of next week",
        "endOfNextWeek": "End of next week",
        "in7Days": "In 7 days",
        "beginningOfLastMonth": "Beginning of last month",
        "endOfLastMonth": "End of last month",
        "startOfThisMonth": "Start of this month",
        "endOfThisMonth": "End of this month",
        "startOfNextMonth": "Start of next month",
        "endOfNextMonth": "End of next month",
        "in30Days": "In 30 days",
        "startOfThisYear": "Beginning of this year",
        "endOfThisYear": "End of this year"
      }
    },
    "datemathHelp": {
      "canuse": "You can use date math to filter for relative dates.",
      "learnhow": "Check out how it works",
      "title": "Date Math",
      "intro": "Specify relative dates which are resolved on the fly by Vikunja when applying the filter.",
      "expression": "Each Date Math expression starts with an anchor date, which can either be {0}, or a date string ending with {1}. This anchor date can optionally be followed by one or more maths expressions.",
      "similar": "These expressions are similar to the ones provided by {0} and {1}.",
      "add1Day": "Add one day",
      "minus1Day": "Subtract one day",
      "roundDay": "Round down to the nearest day",
      "supportedUnits": "Supported time units",
      "someExamples": "Examples of time expressions",
      "units": {
        "seconds": "Seconds",
        "minutes": "Minutes",
        "hours": "Hours",
        "days": "Days",
        "weeks": "Weeks",
        "months": "Months",
        "years": "Years"
      },
      "examples": {
        "now": "Right now",
        "in24h": "In 24h",
        "today": "Today at 00:00",
        "beginningOfThisWeek": "The beginning of this week at 00:00",
        "endOfThisWeek": "The end of this week",
        "in30Days": "In 30 days",
        "datePlusMonth": "{0} plus one month at 00:00 of that day"
      }
    }
  },
  "task": {
    "task": "Task",
    "new": "Create a task",
    "delete": "Delete this task",
    "duplicate": {
      "title": "Duplicate Task",
      "action": "Duplicate",
      "text": "Select a destination project for the copy of \"{task}\":",
      "selectProject": "Destination project",
      "selectProjectRequired": "Please select a destination project.",
      "metadataHint": "All task metadata (description, labels, assignees, attachments, comments, and due dates) will be included in the copy.",
      "success": "The task was successfully duplicated.",
      "error": "An error occurred while duplicating the task."
    },
    "template": {
      "createFromTemplate": "Create from Template",
      "fromTemplate": "From Template",
      "saveAsTemplate": "Save as Template",
      "saveAsTemplateHint": "Save this task's properties as a reusable template. You can then create new tasks from it in any project.",
      "templateName": "Template name",
      "titleRequired": "A template name is required.",
      "save": "Save Template",
      "saveSuccess": "The task was saved as a template.",
      "saveError": "An error occurred while saving the template.",
      "searchPlaceholder": "Search templates…",
      "noResults": "No templates match your search.",
      "noTemplates": "You haven't created any templates yet. Save a task as a template to get started.",
      "subprojects": "Sub-projects",
      "includeSubprojects": "Include all sub-projects",
      "backToList": "Back to templates",
      "taskTitle": "Task title",
      "titleHint": "Leave blank to use the template's title.",
      "targetProject": "Destination project",
      "selectProjectRequired": "Please select a destination project.",
      "create": "Create Task",
      "createSuccess": "The task was successfully created from the template.",
      "createError": "An error occurred while creating the task.",
      "navTitle": "Templates",
      "manageTitle": "Task Templates",
      "manageDescription": "Manage your saved task templates. Use them to quickly create tasks with predefined properties.",
      "edit": "Edit Template",
      "createNew": "New Template",
      "updateSuccess": "The template was updated.",
      "deleteConfirmTitle": "Delete Template",
      "deleteConfirmText": "Are you sure you want to delete the template \"{title}\"? This cannot be undone.",
      "deleteSuccess": "The template was deleted."
    },
    "createSuccess": "The task was successfully created.",
    "addReminder": "Add a reminder…",
    "doneSuccess": "The task was successfully marked as done.",
    "undoneSuccess": "The task was successfully un-marked as done.",
    "movedToProject": "The task was moved to {project}.",
    "undo": "Undo",
    "openDetail": "Open task detail view",
    "checklistTotal": "{checked} of {total} tasks",
    "checklistAllDone": "{total} tasks",
    "show": {
      "titleCurrent": "Current Tasks",
      "titleDates": "Tasks from {from} until {to}",
      "noDates": "Show tasks without date",
      "overdue": "Show overdue tasks",
      "fromuntil": "Tasks from {from} until {until}",
      "select": "Select a date range",
      "noTasks": "Nothing to do — Have a nice day!",
      "filterByLabel": "Filtering by label {label}",
      "clearLabelFilter": "Clear label filter"
    },
    "detail": {
      "chooseDueDate": "Click here to set a due date",
      "chooseStartDate": "Click here to set a start date",
      "chooseEndDate": "Click here to set an end date",
      "move": "Move task to a different project",
      "done": "Mark task done!",
      "undone": "Mark as undone",
      "created": "Created {0} by {1}",
      "updated": "Updated {0}",
      "doneAt": "Done {0}",
      "updateSuccess": "The task was saved successfully.",
      "deleteSuccess": "The task has been deleted successfully.",
      "belongsToProject": "This task belongs to project '{project}'",
      "back": "Back to project",
      "due": "Due {at}",
      "closePopup": "Close popup",
      "scrollToBottom": "Scroll to bottom",
      "organization": "Organization",
      "management": "Management",
      "dateAndTime": "Date and time",
      "delete": {
        "header": "Delete this task",
        "text1": "Are you sure you want to remove this task?",
        "text2": "This will also remove all attachments, reminders and relations associated with this task and cannot be undone!"
      },
      "actions": {
        "assign": "Assign to User",
        "label": "Add Labels",
        "priority": "Set Priority",
        "dueDate": "Set Due Date",
        "startDate": "Set Start Date",
        "endDate": "Set End Date",
        "reminders": "Set Reminders",
        "repeatAfter": "Set Repeating Interval",
        "percentDone": "Set Progress",
        "attachments": "Add Attachments",
        "relatedTasks": "Add Relation",
        "moveProject": "Move",
        "duplicate": "Duplicate",
        "saveAsTemplate": "Save as Template",
        "color": "Set Color",
        "delete": "Delete",
        "favorite": "Add to Favorites",
        "unfavorite": "Remove from Favorites"
      }
    },
    "attributes": {
      "assignees": "Assignees",
      "color": "Color",
      "created": "Created",
      "createdBy": "Created By",
      "description": "Description",
      "done": "Done",
      "dueDate": "Due Date",
      "endDate": "End Date",
      "labels": "Labels",
      "percentDone": "Progress",
      "priority": "Priority",
      "project": "Project",
      "relatedTasks": "Related Tasks",
      "reminders": "Reminders",
      "repeat": "Repeat",
      "comment": "{count} comment | {count} comments",
      "commentCount": "Number of comments",
      "startDate": "Start Date",
      "title": "Title",
      "updated": "Updated",
      "doneAt": "Done At"
    },
    "subscription": {
      "subscribedTaskThroughParentProject": "You can't unsubscribe here because you are subscribed to this task through its project.",
      "subscribedProject": "You are currently subscribed to this project and will receive notifications for changes.",
      "notSubscribedProject": "You are not subscribed to this project and won't receive notifications for changes.",
      "subscribedTask": "You are currently subscribed to this task and will receive notifications for changes.",
      "notSubscribedTask": "You are not subscribed to this task and won't receive notifications for changes.",
      "subscribe": "Subscribe",
      "unsubscribe": "Unsubscribe",
      "subscribeSuccessProject": "You are now subscribed to this project",
      "unsubscribeSuccessProject": "You are now unsubscribed to this project",
      "subscribeSuccessTask": "You are now subscribed to this task",
      "unsubscribeSuccessTask": "You are now unsubscribed to this task"
    },
    "attachment": {
      "title": "Attachments",
      "createdBy": "created {0} by {1}",
      "downloadTooltip": "Download this attachment",
      "upload": "Upload attachment",
      "drop": "Drop files here to upload",
      "delete": "Delete attachment",
      "deleteTooltip": "Delete this attachment",
      "deleteText1": "Are you sure you want to delete the attachment {filename}?",
      "copyUrl": "Copy URL",
      "copyUrlTooltip": "Copy the url of this attachment for usage in text",
      "setAsCover": "Make cover",
      "unsetAsCover": "Remove cover",
      "successfullyChangedCoverImage": "The cover image was successfully changed.",
      "usedAsCover": "Cover image"
    },
    "comment": {
      "title": "Comments",
      "loading": "Loading comments…",
      "edited": "edited {date}",
      "creating": "Creating comment…",
      "placeholder": "Add your comment, hit '/' for more options…",
      "comment": "Comment",
      "delete": "Delete this comment",
      "deleteText1": "Are you sure you want to delete this comment?",
      "deleteSuccess": "The comment was deleted successfully.",
      "addedSuccess": "The comment was added successfully.",
      "permalink": "Copy permalink to this comment",
      "sortNewestFirst": "Newest first",
      "sortOldestFirst": "Oldest first"
    },
    "mention": {
      "noUsersFound": "No users found"
    },
    "deferDueDate": {
      "title": "Defer due date",
      "1day": "1 day",
      "3days": "3 days",
      "1week": "1 week"
    },
    "description": {
      "placeholder": "Enter a description, hit '/' for more options…",
      "empty": "No description available yet."
    },
    "assignee": {
      "placeholder": "Type to assign a user…",
      "selectPlaceholder": "Assign this user",
      "assignSuccess": "The user has been assigned successfully.",
      "unassignSuccess": "The user has been unassigned successfully."
    },
    "label": {
      "placeholder": "Type to add a label…",
      "createPlaceholder": "Add this as new label",
      "addSuccess": "The label has been added successfully.",
      "createSuccess": "The label has been created successfully.",
      "removeSuccess": "The label has been removed successfully.",
      "addCreateSuccess": "The label has been created and added successfully.",
      "delete": {
        "header": "Delete this label",
        "text1": "Are you sure you want to delete this label?",
        "text2": "This will remove it from all tasks and cannot be restored."
      }
    },
    "priority": {
      "unset": "Unset",
      "low": "Low",
      "medium": "Medium",
      "high": "High",
      "urgent": "Urgent",
      "doNow": "DO NOW"
    },
    "relation": {
      "add": "Add a New Task Relation",
      "new": "New Task Relation",
      "searchPlaceholder": "Type search for a task to add as related…",
      "createPlaceholder": "Add this as related task",
      "differentProject": "This task belongs to a different project.",
      "noneYet": "No task relations yet.",
      "delete": "Delete Task Relation",
      "deleteText1": "Are you sure you want to delete this task relation?",
      "select": "Select a relation kind",
      "taskRequired": "Please select a task or enter a new task title.",
      "kinds": {
        "subtask": "Subtask | Subtasks",
        "parenttask": "Parent Task | Parent Tasks",
        "related": "Related Task | Related Tasks",
        "duplicateof": "Duplicate Of | Duplicates Of",
        "duplicates": "Duplicates | Duplicates",
        "blocking": "Blocking | Blocking",
        "blocked": "Blocked By | Blocked By",
        "precedes": "Precedes | Precedes",
        "follows": "Follows | Follows",
        "copiedfrom": "Copied From | Copied From",
        "copiedto": "Copied To | Copied To"
      }
    },
    "reminder": {
      "before": "{amount} {unit} before {type}",
      "after": "{amount} {unit} after {type}",
      "beforeShort": "before",
      "afterShort": "after",
      "onDueDate": "On the due date",
      "onStartDate": "On the start date",
      "onEndDate": "On the end date",
      "custom": "Custom",
      "dateAndTime": "Date and time"
    },
    "repeat": {
      "everyDay": "Every Day",
      "everyWeek": "Every Week",
      "every30d": "Every 30 Days",
      "mode": "Repeat mode",
      "monthly": "Monthly",
      "fromCurrentDate": "From completion date",
      "each": "Each",
      "specifyAmount": "Specify an amount…",
      "hours": "Hours",
      "days": "Days",
      "weeks": "Weeks",
      "months": "Months",
      "years": "Years",
      "invalidAmount": "Please enter more than 0."
    },
    "quickAddMagic": {
      "hint": "Use magic prefixes to define due dates, assignees and other task properties.",
      "title": "Quick Add Magic",
      "intro": "When creating a task, you can use special keywords to directly add attributes to the newly created task. This allows to add commonly used attributes to tasks much faster.",
      "multiple": "You can use this multiple times.",
      "label1": "To add a label, simply prefix the name of the label with {prefix}.",
      "label2": "Vikunja will first check if the label already exist and create it if not.",
      "label3": "To use spaces, simply add a \" or ' around the label name.",
      "label4": "For example: {prefix}\"Label with spaces\".",
      "priority1": "To set a task's priority, add a number 1-5, prefixed with a {prefix}.",
      "priority2": "The higher the number, the higher the priority.",
      "assignees": "To directly assign the task to a user, add their username prefixed with {prefix} to the task.",
      "project1": "To set a project for the task to appear in, enter its name prefixed with {prefix}.",
      "project2": "This will return an error if the project does not exist.",
      "project3": "To use spaces, simply add a \" or ' around the project name.",
      "project4": "For example: {prefix}\"Project with spaces\".",
      "dateAndTime": "Date and time",
      "date": "Any date will be used as the due date of the new task. You can use dates in any of these formats:",
      "dateWeekday": "any weekday, will use the next date with that day",
      "dateCurrentYear": "will use the current year",
      "dateNth": "will use the {day}th of the current month",
      "dateTime": "Combine any of the date formats with \"{time}\" (or {timePM}) to set a time.",
      "repeats": "Repeating tasks",
      "repeatsDescription": "To set a task as repeating in an interval, simply add '{suffix}' to the task text. The amount needs to be a number and can be omitted to use just the type (see examples)."
    }
  },
  "team": {
    "title": "Teams",
    "noTeams": "You are currently not part of any teams.",
    "create": {
      "title": "Create a team",
      "success": "The team was successfully created."
    },
    "edit": {
      "title": "Edit Team \"{team}\"",
      "members": "Team Members",
      "search": "Type to search a user…",
      "addUser": "Add to team",
      "makeMember": "Make Member",
      "makeAdmin": "Make Admin",
      "success": "The team was successfully updated.",
      "userAddedSuccess": "The team member was successfully added.",
      "madeMember": "The team member was successfully made member.",
      "madeAdmin": "The team member was successfully made admin.",
      "mustSelectUser": "Please select a user.",
      "delete": {
        "header": "Delete the team",
        "text1": "Are you sure you want to delete this team and all of its members?",
        "text2": "All team members will lose access to projects shared with this team. This CANNOT BE UNDONE!",
        "success": "The team was successfully deleted."
      },
      "deleteUser": {
        "header": "Remove a user from the team",
        "text1": "Are you sure you want to remove this user from the team?",
        "text2": "They will lose access to all projects this team has access to. This CANNOT BE UNDONE!",
        "success": "The user was successfully deleted from the team."
      },
      "leave": {
        "title": "Leave team",
        "text1": "Are you sure you want to leave this team?",
        "text2": "You will lose access to all projects this team has access to. If you change your mind you'll need a team admin to add you again.",
        "success": "You have successfully left the team."
      }
    },
    "attributes": {
      "name": "Team Name",
      "namePlaceholder": "The team's name goes here…",
      "nameRequired": "Please specify a name.",
      "description": "Description",
      "descriptionPlaceholder": "Describe the team here, hit '/' for more options…",
      "admin": "Admin",
      "member": "Member",
      "isPublic": "Public Team",
      "isPublicDescription": "Make the team publicly discoverable. When enabled, anyone can share projects with this team even when not being a direct member."
    }
  },
  "keyboardShortcuts": {
    "title": "Keyboard Shortcuts",
    "general": "General",
    "allPages": "These shortcuts work on all pages.",
    "currentPageOnly": "These shortcuts work only on the current page.",
    "somePagesOnly": "These shortcuts work only on some pages.",
    "toggleMenu": "Toggle The Menu",
    "quickSearch": "Open the search/quick action bar",
    "then": "then",
    "task": {
      "title": "Task Page",
      "done": "Mark task done / undone",
      "assign": "Assign this task to a user",
      "labels": "Add labels to this task",
      "dueDate": "Change the due date of this task",
      "attachment": "Add an attachment to this task",
      "related": "Modify related tasks of this task",
      "color": "Change the color of this task",
      "move": "Move this task to another project",
      "reminder": "Manage reminders of this task",
      "description": "Toggle editing of the task description",
      "delete": "Delete this task",
      "priority": "Change the priority of this task",
      "favorite": "Mark this task as favorite / unfavorite",
      "openProject": "Open the project of this task",
      "save": "Save the current task",
      "copyIdentifier": "Copy task identifier to clipboard",
      "copyIdentifierAndTitle": "Copy task identifier and title to clipboard",
      "copyIdentifierTitleAndUrl": "Copy task identifier, title and URL to clipboard",
      "copyUrl": "Copy task URL to clipboard"
    },
    "project": {
      "title": "Project Views",
      "switchToListView": "Switch to list view",
      "switchToGanttView": "Switch to gantt view",
      "switchToKanbanView": "Switch to kanban view",
      "switchToTableView": "Switch to table view"
    },
    "navigation": {
      "title": "Navigation",
      "overview": "Navigate to overview",
      "upcoming": "Navigate to upcoming tasks",
      "labels": "Navigate to labels",
      "teams": "Navigate to teams",
      "projects": "Navigate to projects"
    },
    "list": {
      "title": "Task List",
      "navigateDown": "Highlight next task",
      "navigateUp": "Highlight previous task",
      "open": "Open highlighted task"
    },
    "gantt": {
      "title": "Gantt Chart",
      "moveTaskLeft": "Move task to earlier date",
      "moveTaskRight": "Move task to later date",
      "expandTaskLeft": "Expand task start date earlier",
      "expandTaskRight": "Expand task end date later",
      "shrinkTaskLeft": "Shrink task from start date",
      "shrinkTaskRight": "Shrink task from end date"
    }
  },
  "update": {
    "available": "There is an update available!",
    "do": "Update Now"
  },
  "menu": {
    "edit": "Edit",
    "archive": "Archive",
    "duplicate": "Duplicate",
    "delete": "Delete",
    "unarchive": "Un-Archive",
    "setBackground": "Background settings",
    "share": "Share",
    "newProject": "New project",
    "createProject": "Create project",
    "cantArchiveIsDefault": "You cannot archive this because it is your default project.",
    "cantDeleteIsDefault": "You cannot delete this because it is your default project.",
    "views": "Views"
  },
  "apiConfig": {
    "url": "Vikunja URL",
    "urlPlaceholder": "eg. https://localhost:3456",
    "change": "change",
    "use": "Using Vikunja installation at {0}",
    "error": "Could not find or use Vikunja installation at \"{domain}\". Please check if the url has the correct format and you can reach it when accessing it directly and try again.",
    "success": "Using Vikunja installation at \"{domain}\".",
    "urlRequired": "A url is required."
  },
  "loadingError": {
    "failed": "Loading failed, please {0}. If the error persists, please {1}.",
    "tryAgain": "try again",
    "contact": "contact us"
  },
  "notification": {
    "title": "Notifications",
    "none": "You don't have any notifications. Have a nice day!",
    "explainer": "Notifications will appear here when actions, projects or tasks you subscribed to happen.",
    "markAllRead": "Mark all notifications as read",
    "markAllReadSuccess": "Successfully marked all notifications as read."
  },
  "quickActions": {
    "commands": "Commands",
    "placeholder": "Type a command or search…",
    "hint": "You can use {project} to limit the search to a project. Combine {project} or {label} (labels) with a search query to search for a task with these labels or on that project. Use {assignee} to only search for teams.",
    "tasks": "Tasks",
    "projects": "Projects",
    "teams": "Teams",
    "labels": "Labels",
    "newProject": "Enter the title of the new project…",
    "newTask": "Enter the title of the new task…",
    "newTeam": "Enter the name of the new team…",
    "createTask": "Create a task in the current project ({title})",
    "createProject": "Create a project",
    "cmds": {
      "newTask": "New task",
      "newProject": "New project",
      "newTeam": "New team"
    }
  },
  "date": {
    "altFormatLong": "j M Y, H:i",
    "altFormatShort": "j M Y"
  },
  "reaction": {
    "reactedWith": "{user} reacted with {value}",
    "reactedWithAnd": "{users} and {lastUser} reacted with {value}",
    "reactedWithAndMany": "{users} and {num} more reacted reacted with {value}",
    "add": "Add your reaction"
  },
  "error": {
    "error": "Error",
    "success": "Success",
    "0001": "You're not allowed to do that.",
    "1001": "A user with this username already exists.",
    "1002": "A user with this email address already exists.",
    "1004": "No username and password specified.",
    "1005": "The user does not exist.",
    "1006": "Could not get the user id.",
    "1008": "No password reset token provided.",
    "1009": "Invalid password reset token.",
    "1010": "Invalid email confirm token.",
    "1011": "Wrong username or password.",
    "1012": "Email address of the user not confirmed.",
    "1013": "New password is empty.",
    "1014": "Old password is empty.",
    "1015": "TOTP is already enabled for this user.",
    "1016": "TOTP is not enabled for this user.",
    "1017": "The TOTP passcode is invalid.",
    "1018": "The user avatar type setting is invalid.",
    "1019": "No email address was provided by the OpenID provider.Please make sure the openid provider publicly provides an email address for your account.",
    "1020": "This account is disabled. Check your emails or ask your administrator.",
    "1021": "This account is managed by a third-party authentication provider.",
    "1022": "The username must not contain spaces.",
    "1023": "You can't do that as a link share.",
    "1024": "Invalid claim data for field {field} of type {type}.",
    "1025": "The timezone '{timezone}' is invalid. Please select a valid timezone from the list.",
    "2001": "ID cannot be empty or 0.",
    "2002": "Some of the request data was invalid.",
    "2003": "The timezone '{timezone}' is invalid.",
    "3001": "The project does not exist.",
    "3004": "You need to have read permissions on that project to perform that action.",
    "3005": "The project title cannot be empty.",
    "3006": "The project share does not exist.",
    "3007": "A project with this identifier already exists.",
    "3008": "The project is archived and can therefore only be accessed read only. This is also true for all tasks associated with this project.",
    "4001": "The task title cannot be empty.",
    "4002": "The task does not exist.",
    "4003": "All bulk editing tasks must belong to the same project.",
    "4004": "Need at least one task when bulk editing tasks.",
    "4005": "You do not have the right to see the task.",
    "4006": "You can't set a parent task as the task itself.",
    "4007": "You can't create a task relation with an invalid kind of relation.",
    "4008": "You can't create a task relation which already exists.",
    "4009": "The task relation does not exist.",
    "4010": "Cannot relate a task with itself.",
    "4011": "The task attachment does not exist.",
    "4012": "The task attachment is too large.",
    "4013": "The task sort param is invalid.",
    "4014": "The task sort order is invalid.",
    "4015": "The task comment does not exist.",
    "4016": "Invalid task field.",
    "4017": "Invalid task filter comparator.",
    "4018": "Invalid task filter concatenator.",
    "4019": "Invalid task filter value.",
    "4020": "This attachment does not belong to that task.",
    "4021": "This user is already assigned to that task.",
    "4022": "Please provide what the reminder date is relative to.",
    "4023": "Cannot create a task relation cycle.",
    "6001": "The team name cannot be empty.",
    "6002": "The team does not exist.",
    "6004": "The team already has access to that project.",
    "6005": "The user is already a member of that team.",
    "6006": "Cannot delete the last team member.",
    "6007": "The team does not have access to the project to perform that action.",
    "6008": "No team could be found for the given OIDC ID and issuer.",
    "6009": "No Teams with property oidcId could be found for User.",
    "7002": "The user already has access to that project.",
    "7003": "You do not have access to that project.",
    "8001": "This label already exists on that task.",
    "8002": "The label does not exist.",
    "8003": "You do not have access to this label.",
    "9001": "The right is invalid.",
    "10001": "The bucket does not exist.",
    "10002": "The bucket does not belong to that project.",
    "10003": "You cannot remove the last bucket on a project.",
    "10004": "You cannot add the task to this bucket as it already exceeded the limit of tasks it can hold.",
    "10005": "There can be only one done bucket per project.",
    "11001": "The saved filter does not exist.",
    "11002": "Saved filters are not available for link shares.",
    "12001": "The subscription entity type is invalid.",
    "12002": "You are already subscribed to the entity itself or a parent entity.",
    "12003": "You must provide a user to fetch subscriptions.",
    "13001": "This link share requires a password for authentication, but none was provided.",
    "13002": "The provided link share password is invalid.",
    "13003": "The provided link share token is invalid.",
    "14001": "The provided api token is invalid.",
    "14002": "The permission {permission} of group {group} is invalid."
  },
  "about": {
    "title": "About",
    "version": "Version: {version}",
    "frontendVersion": "Frontend version: {version}",
    "apiVersion": "API version: {version}"
  },
  "time": {
    "units": {
      "seconds": "second|seconds",
      "minutes": "minute|minutes",
      "hours": "hour|hours",
      "days": "day|days",
      "weeks": "week|weeks",
      "months": "month|months",
      "years": "year|years"
    }
  }
}
