[{"id":1,"title":"test","description":"test's namespace.","hex_color":"","is_archived":false,"owner":{"id":1,"name":"","username":"test","created":"2021-08-17T18:58:36Z","updated":"2021-09-03T21:21:11Z"},"created":"2021-08-17T18:58:36Z","updated":"2021-08-17T18:58:36Z","lists":[{"id":1,"title":"Test list","description":"","identifier":"","hex_color":"","namespace_id":1,"owner":{"id":1,"name":"","username":"test","email":"k@knt.li","created":"2021-08-17T18:58:36Z","updated":"2021-09-03T21:21:11Z"},"is_archived":false,"background_information":null,"is_favorite":false,"position":65536,"created":"2021-08-17T18:58:40Z","updated":"2021-09-03T19:59:42Z","tasks":[{"id":1,"title":"test","description":"Lorem Ipsum\n\nNow adding some code\n\n```\nordec\n```","done":false,"done_at":"0001-01-01T00:00:00Z","due_date":"0001-01-01T00:00:00Z","reminder_dates":null,"list_id":1,"repeat_after":0,"repeat_mode":0,"priority":0,"start_date":"0001-01-01T00:00:00Z","end_date":"0001-01-01T00:00:00Z","assignees":null,"labels":null,"hex_color":"","percent_done":0,"identifier":"-1","index":1,"related_tasks":{},"attachments":null,"is_favorite":false,"created":"2021-08-17T18:58:43Z","updated":"2021-08-18T20:58:04Z","bucket_id":1,"position":65536,"kanban_position":65536,"created_by":{"id":1,"name":"","username":"test","created":"2021-08-17T18:58:36Z","updated":"2021-09-03T21:21:11Z"},"comments":[{"id":1,"comment":"This is a comment","author":null,"created":"2021-08-17T18:58:53Z","updated":"2021-08-18T20:52:08Z"}]},{"id":2,"title":"Some other task","description":"","done":false,"done_at":"0001-01-01T00:00:00Z","due_date":"0001-01-01T00:00:00Z","reminder_dates":null,"list_id":1,"repeat_after":0,"repeat_mode":0,"priority":0,"start_date":"0001-01-01T00:00:00Z","end_date":"0001-01-01T00:00:00Z","assignees":null,"labels":null,"hex_color":"","percent_done":0,"identifier":"-2","index":2,"related_tasks":{},"attachments":null,"is_favorite":false,"created":"2021-08-29T20:28:08Z","updated":"2021-09-03T19:59:42Z","bucket_id":1,"position":32768,"kanban_position":131072,"created_by":{"id":1,"name":"","username":"test","created":"2021-08-17T18:58:36Z","updated":"2021-09-03T21:21:11Z"},"comments":null},{"id":3,"title":"Task with attachment","description":"","done":false,"done_at":"0001-01-01T00:00:00Z","due_date":"0001-01-01T00:00:00Z","reminder_dates":null,"list_id":1,"repeat_after":0,"repeat_mode":0,"priority":0,"start_date":"0001-01-01T00:00:00Z","end_date":"0001-01-01T00:00:00Z","assignees":null,"labels":null,"hex_color":"","percent_done":0,"identifier":"-3","index":3,"related_tasks":{},"attachments":[{"id":1,"task_id":3,"created_by":{"id":1,"name":"","username":"test","created":"2021-08-17T18:58:36Z","updated":"2021-09-03T21:21:11Z"},"file":{"id":6,"name":"cristiano-mozzillo-v3d5uBB26yA-unsplash.jpg","mime":"","size":2654187,"created":"2021-08-29T20:28:18Z"},"created":"2021-08-29T20:28:19Z"}],"is_favorite":false,"created":"2021-08-29T20:28:10Z","updated":"2021-09-03T19:59:37Z","bucket_id":1,"position":16384,"kanban_position":196608,"created_by":{"id":1,"name":"","username":"test","created":"2021-08-17T18:58:36Z","updated":"2021-09-03T21:21:11Z"},"comments":null},{"id":17,"title":"Task with labels","description":"","done":false,"done_at":"0001-01-01T00:00:00Z","due_date":"0001-01-01T00:00:00Z","reminder_dates":null,"list_id":1,"repeat_after":0,"repeat_mode":0,"priority":0,"start_date":"0001-01-01T00:00:00Z","end_date":"0001-01-01T00:00:00Z","assignees":null,"labels":[{"id":1,"title":"test","description":"","hex_color":"e8e8e8","created_by":{"id":1,"name":"","username":"test","created":"2021-08-17T18:58:36Z","updated":"2021-09-03T21:21:11Z"},"created":"2021-09-03T19:42:30Z","updated":"2021-09-03T19:42:30Z"}],"hex_color":"","percent_done":0,"identifier":"-4","index":4,"related_tasks":{},"attachments":null,"is_favorite":false,"created":"2021-09-03T19:42:30Z","updated":"2021-09-03T19:59:30Z","bucket_id":1,"position":8192,"kanban_position":262144,"created_by":{"id":1,"name":"","username":"test","created":"2021-08-17T18:58:36Z","updated":"2021-09-03T21:21:11Z"},"comments":null}],"buckets":[{"id":1,"title":"Test Bucket","list_id":1,"tasks":null,"limit":0,"is_done_bucket":false,"position":0,"created":"2021-08-17T18:58:40Z","updated":"2021-09-03T20:27:55Z","created_by":null}],"background_file_id":0},{"id":2,"title":"A list with a background","description":"","identifier":"","hex_color":"","namespace_id":1,"owner":{"id":1,"name":"","username":"test","email":"k@knt.li","created":"2021-08-17T18:58:36Z","updated":"2021-09-03T21:21:11Z"},"is_archived":false,"background_information":{"id":1,"unsplash_id":"sdqNXWlvkDY","author":"skenb","author_name":"Sebastian Knoll"},"is_favorite":false,"position":131072,"created":"2021-08-29T20:38:55Z","updated":"2021-09-03T21:20:41Z","tasks":[{"id":4,"title":"Test","description":"","done":false,"done_at":"0001-01-01T00:00:00Z","due_date":"0001-01-01T00:00:00Z","reminder_dates":null,"list_id":2,"repeat_after":0,"repeat_mode":0,"priority":0,"start_date":"0001-01-01T00:00:00Z","end_date":"0001-01-01T00:00:00Z","assignees":null,"labels":null,"hex_color":"","percent_done":0,"identifier":"-1","index":1,"related_tasks":{},"attachments":null,"is_favorite":false,"created":"2021-08-29T20:38:56Z","updated":"2021-09-03T19:59:22Z","bucket_id":2,"position":65536,"kanban_position":65536,"created_by":{"id":1,"name":"","username":"test","created":"2021-08-17T18:58:36Z","updated":"2021-09-03T21:21:11Z"},"comments":null}],"buckets":[{"id":2,"title":"Backlog","list_id":2,"tasks":null,"limit":0,"is_done_bucket":false,"position":131072,"created":"2021-08-29T20:38:55Z","updated":"2021-08-29T20:38:55Z","created_by":null}],"background_file_id":20}]}]