[{"id":1,"title":"Inbox","description":"","identifier":"","hex_color":"","parent_project_id":0,"owner":null,"is_archived":false,"background_information":null,"background_blur_hash":"","is_favorite":false,"position":65536,"created":"2023-01-13T14:55:29Z","updated":"2023-01-13T14:59:54Z","child_projects":null,"tasks":[{"id":1,"title":"test project","description":"","done":false,"done_at":"0001-01-01T00:00:00Z","due_date":"0001-01-01T00:00:00Z","reminder_dates":null,"project_id":1,"repeat_after":0,"repeat_mode":0,"priority":0,"start_date":"0001-01-01T00:00:00Z","end_date":"0001-01-01T00:00:00Z","assignees":null,"labels":[{"id":1,"title":"test","description":"","hex_color":"","created_by":{"id":1,"name":"","username":"test","created":"2023-01-13T14:55:29Z","updated":"2023-01-13T15:19:58Z"},"created":"2023-01-13T15:00:35Z","updated":"2023-01-13T15:00:35Z"}],"hex_color":"","percent_done":0,"identifier":"-1","index":1,"related_tasks":{},"attachments":[{"id":1,"task_id":1,"created_by":{"id":1,"name":"","username":"test","created":"2023-01-13T14:55:29Z","updated":"2023-01-13T15:19:58Z"},"file":{"id":1,"name":"grant-whitty-546453-unsplash.jpg","mime":"","size":312440,"created":"2023-01-13T15:07:35Z"},"created":"2023-01-13T15:07:35Z"}],"cover_image_attachment_id":0,"is_favorite":false,"created":"2023-01-13T14:59:49Z","updated":"2023-01-13T14:59:49Z","bucket_id":1,"position":65536,"kanban_position":65536,"created_by":{"id":1,"name":"","username":"test","created":"2023-01-13T14:55:29Z","updated":"2023-01-13T15:19:58Z"},"comments":[{"id":2,"comment":"This is a comment","author":null,"created":"2023-01-13T15:08:47Z","updated":"2023-01-13T15:08:47Z"}]},{"id":2,"title":"some other task","description":"","done":false,"done_at":"0001-01-01T00:00:00Z","due_date":"0001-01-01T00:00:00Z","reminder_dates":null,"project_id":1,"repeat_after":0,"repeat_mode":0,"priority":0,"start_date":"0001-01-01T00:00:00Z","end_date":"0001-01-01T00:00:00Z","assignees":null,"labels":null,"hex_color":"","percent_done":0,"identifier":"-2","index":2,"related_tasks":{},"attachments":null,"cover_image_attachment_id":0,"is_favorite":false,"created":"2023-01-13T14:59:54Z","updated":"2023-01-13T14:59:54Z","bucket_id":1,"position":131072,"kanban_position":131072,"created_by":{"id":1,"name":"","username":"test","created":"2023-01-13T14:55:29Z","updated":"2023-01-13T15:19:58Z"},"comments":null}],"buckets":[{"id":1,"title":"Test Bucket","project_id":1,"tasks":null,"limit":0,"is_done_bucket":false,"position":65536,"created":"2023-01-13T14:55:29Z","updated":"2023-01-13T14:55:29Z","created_by":null}],"background_file_id":0},{"id":2,"title":"test project","description":"","identifier":"","hex_color":"","parent_project_id":0,"owner":null,"is_archived":false,"background_information":null,"background_blur_hash":"","is_favorite":false,"position":131072,"created":"2023-01-13T14:59:05Z","updated":"2023-01-13T14:59:05Z","child_projects":null,"tasks":null,"buckets":[{"id":2,"title":"Backlog","project_id":2,"tasks":null,"limit":0,"is_done_bucket":false,"position":131072,"created":"2023-01-13T14:59:05Z","updated":"2023-01-13T14:59:05Z","created_by":null}],"background_file_id":0}]