[{"id":1,"filters":{"sort_by":["done","id"],"order_by":["asc","desc"],"filter_by":[],"filter_value":[],"filter_comparator":[],"filter_concat":"and","filter_include_nulls":true},"title":"test filter 1","description":"","owner":null,"is_favorite":false,"created":"2021-09-03T19:42:02Z","updated":"2021-09-03T19:42:02Z"},{"id":2,"filters":{"sort_by":["done","id"],"order_by":["asc","desc"],"filter_by":["done"],"filter_value":["false"],"filter_comparator":["equals"],"filter_concat":"and","filter_include_nulls":true},"title":"test filter 2","description":"","owner":null,"is_favorite":false,"created":"2021-09-03T19:42:20Z","updated":"2021-09-03T19:42:20Z"}]